Company Names,Job Titles,Posted On,Job Details,Skill,Images,Type Location,Locations,Link
ATI Business Group,DevOps & Data Services Lead,3 weeks ago,"Your Main Objective
As the DevOps & Data Services Lead in the IT Division, you will ensure seamless integration, deployment, and management of company data and applications infrastructure. You are expected to combine your technical expertise for the day-to-day operations with a strategic mindset to drive data-driven business decision-making.

Your Main Responsibilities
You will effectively lead a small team of experts to deliver the following capabilities and must able to jump into action as and when required:
DevOps Management: Lead the design, management and implementation of CI/CD pipelines, oversee configuration management, automation and orchestration tools, ensure application deployment reliability, integrate secure DevOps practices with the development team
Database Administration: Lead the maintenance and optimization of database systems, manage database security, backups and recovery while ensuring high availability, data integrity and performance
Business Intelligence: Develop and maintain BI solutions to support data-driven decision-making, oversee the ETL processes, design and implement data visualization
Manage the team to collaborate with cross-functional teams
Stay updated on industry trends and emerging technologies
Ensure compliance with relevant regulations, especially in the areas of data protection

Qualifications
Excellent communication, collaboration skills and fluency in English
Bachelor’s degree in Computer Science, Information Technology, Data Science, or a related field
5+ years overall IT experience, vast majority in data services and devops
3+ years proven experience in a leadership or senior role within DevOps, DBA and BI functions
Strong knowledge of data warehousing concepts and technologies, data integration techniques, ETL processes
Strong technical knowledge of database systems, CI/CD pipelines, and BI tools
Experience with cloud platforms (e.g., AWS, Azure, Google Cloud) and containerization (e.g., Docker, Kubernetes)

Be Part of ATI Journey:
Our aim at ATI Business Group in working with our Clients is to support their continued growth by providing cost-effective technology and talented & scalable people resources on demand. ATI’s singular focus on providing services to the travel and hospitality business communities across the globe has been a remarkably successful one. Since commencing in 2002 we now have over 900 employees providing services to our clients across the globe.","Amazon Web Services (AWS), Business Intelligence (BI), Cloud Storage, Containerization, Data Services, Data Warehousing, Database Security, DevOps, Extract, Transform, Load (ETL), Microsoft Power BI, and PostgreSQL",https://media.licdn.com/dms/image/v2/C560BAQFiYSlyRLOlVQ/company-logo_100_100/company-logo_100_100/0/1630641886048/ati_business_group_logo?e=1733356800&v=beta&t=jZTyix-hGlNFH14lZ7lK5vyrNkXcM5ybZ2SKows_y70,"On-site,Full-time,Mid-Senior,level","Jakarta, Indonesia",https://www.linkedin.com/jobs/view/3997070166/?alternateChannel=search&refId=zJCqWScttqGCWx8FA4Enzg%3D%3D&trackingId=J0g9PyDHc2or3HMv8%2FYavA%3D%3D&trk=d_flagship3_search_srp_jobs
Adira Finance,Head Information Technology Development,4 weeks ago,"Responsibilities
Planning and budgeting application development for the next 1 year each year.
Ensure that every plan is in accordance with the company's strategy.
Manage application development requests according to company needs and prioritize.
Performing analysis, planning and design of incoming development requests.
Manage applications that are already running and develop according to the latest technology.
Ensure all developments follow the architecture and system standards that have been set.
Ensure all existing applications are fully documented

Qualifications
Candidates must possess a bachelor degree from IT/SI major with minimum GPA of 3,00.
At least 8 years of experience
Leadership, planning, organizing, presentation, communication, report writing, interpersonal relationship skills, Discipline, Integrity, team work, analytical, creative, Programming (multi language), Database, SDLC, Business View, Negotiation Skill, Customer Relationship Management (CRM), Architecture
Operation, computer literacy, project management
Have an understanding of the tools that support work at Adira Finance.
Excellent understanding of current IT systems and their challenges and barriers
Have the ability to direct in accordance with a systematic workflow
Have the ability to convince users about changes that occur due to the implementation of a computerized system
Have the ability to deal with emergencies
Good project management skills to validate estimates and carry out capacity planning
Always work in a team","Analytical Skills, Budgeting, Customer Relationship Management (CRM), Databases, IT Development, Interpersonal Relationships, Microsoft SQL Server, Negotiation, Project Management, React Native, and Teamwork",https://media.licdn.com/dms/image/v2/D560BAQFu86lL8r06og/company-logo_100_100/company-logo_100_100/0/1713154483891/adira_logo?e=1733356800&v=beta&t=000YjeLBjpUTFVkzBiTEhKI87BfGAogtpEEwoSoTi20,"Hybrid,Full-time,Mid-Senior,level","South Jakarta, Jakarta, Indonesia",https://www.linkedin.com/jobs/view/3992831009/?alternateChannel=search&refId=zJCqWScttqGCWx8FA4Enzg%3D%3D&trackingId=AyKWejl5lFncPAp7khiZbg%3D%3D&trk=d_flagship3_search_srp_jobs
Kalbe Consumer Health,Senior Brand Manager,8 hours ago,"JOIN US TO BE THE BRIGHTEST STAR
We Do Innovative Work That Brings a Better Life
We believe what we do every day is always embedded with innovation. At Kalbe Consumer Health, you will build your career and find your purpose. At the same time, keep innovating to provide best-in-class products for many families. We are looking for those who can bring happiness through quality health products and continuous innovation for a better life.

Position : Senior Brand Manager 

About The Role :
We are currently seeking Senior Brand Manager to participate identify brands growth opportunity through market, regulations, category and consumer analysis. For this role, you will collaborate with Commercial Team, Business Development & R&D for New Product – Packaging Development.

What You Will Do ?
Identify brands growth opportunity through market, regulations, category and consumer analysis
Set up Brand’s love triangle (segmentation, targeting and positioning) based on defined each brand vision & purpose to meet company objective
Responsible for communication material production (TVC / Radio Ads / Printed / Digital Key Visual / etc.) and Evaluate campaign result.
Collaborate with Internal stakeholders and External in tactical marketing practices across brands & countries

What You Will Need ?
Bachelor degree with min. 5 years of experience with managerial responsibilities in marketing & insight area
Have an excellent understanding of Consumer Goods / OTC commercial (Sales & Marketing) business process
Excellent interpersonal, negotiation, communication, and presentation skills
Adept in data analytical and creative thinking with sound business acumen
Good leadership with the ability to motivate a team
Able to coordinate & collaborate cross-functionally within the organization
English fluency is a must

Benefit :
Self Development opportunity (Training, career path)
Work From Anywhere Policy

About The Team
Kalbe Consumer Health is defined by Panca Sradha, which embraces trust, mindfulness, innovation, striving to be the best, and interconnectedness. Our people, whom we call Saka Stars, are results-oriented and customer-centered. We work in teams and quickly respond to market and consumer needs. Together, we build a better life.

About Company
Kalbe Consumer Health Division offers over-the-counter drugs with therapeutic benefits. We produce consumer products with health benefits, including supplements and other preventive products. Kalbe Consumer Health's over-the-counter portfolio categories cover more than six therapeutic classes with solid brands, commanding a dominant market share over recent decades.
Innovation is the key to Kalbe Consumer Health, and we adhere to our commitment to nourish the nation, which we always take care of jointly. We always provide health solutions ranging from digestive and skin categories, multivitamins, respiratory care, food supplements, and healthy foods.
We provide Innovative and Trustworthy products and services as a solution for daily health management. Kalbe Consumer Health is globally present around consumers. We are present in nine countries with more than sixteen OTC brands.
We ensure that all products are developed responsibly to make the lives of many people healthier globally. We believe that in the journey of Kalbe Consumer Health to provide health product solutions that can nourish the nations.

Recruitment Steps
● Share Your Best Profile
● Meet Our Talent Acquisition Team
● Discuss With Your Future Team
● On-Boarding!

Keep in Touch with Us by Visit our Social Media,
Instagram: https://bit.ly/InstagramLifeatKCH
LinkedIn: https://bit.ly/LinkedInKalbeConsumerHealth
Website: www.kalbeconsumerhealth.com","Brand Development, Business Development, Communication, English, Market Segmentation, Marketing, Marketing Analytics, Marketing Operations, Strategic Marketing, and TVC",https://media.licdn.com/dms/image/v2/C510BAQHNB06FB9bSjA/company-logo_100_100/company-logo_100_100/0/1630596352688/sakafarma_logo?e=1733356800&v=beta&t=zOf7azNjduOjeXQUTJV7LMbmq-LR4qDXju7fBRcq2_M,"On-site,Full-time,Mid-Senior,level","North Jakarta, Jakarta, Indonesia",https://www.linkedin.com/jobs/view/4015783996/?alternateChannel=search&refId=zJCqWScttqGCWx8FA4Enzg%3D%3D&trackingId=M4Wg55EJ8nx7QmZSY6dubQ%3D%3D&trk=d_flagship3_search_srp_jobs
AIA Indonesia,Area Business Manager - Jakarta,10 hours ago,"At AIA we’ve started an exciting movement to create a healthier, more sustainable future for everyone.

As the largest listed company on the HKSE, we’ve been proudly making a difference across Asia for over a century. We believe in empowering every one of our people to find their 'better' - in the work they do, the career they build, the life they live and the difference they make. So that together we can support even more people - including our own - to live Healthier, Longer, Better Lives, build healthier societies and cultivate healthier environments that better everybody. If you believe in better, we’d love to hear from you.

Currently we are looking for Area Business Manager with details below:

Key Responsibilities:

ABM is required to recruit for a branch that is the responsibility of relatives.
Obliged to establish and build productive relationships and effective synergy with the bank partner.
Bank partner is obliged to assist parties, in increasing the number of Customer Base via Natural Market.
Achieve FYP/month and ANP from the targets given.
To ensure conditions in a state conductive and responsible about anything that happens in the team.
Control and monitoring team.
Control and monitoring report of the Bancassurance Consultant (subordinates), support to RBM (Regional Branch Manager) and the Board of Directors (BoD).
If there is anything else that is not listed above, it remains the responsibility of the ABM who must run and well execute.

Qualifications:

Candidate must possess at least a Bachelor’s Degree in any field.
At least 2 years of working experience as a Leader or 4 years of working experience in Life Insurance or Financial Industry.
Preferably Manager specializing in Life Insurance, Financial Industry or equivalent.
Excellent verbal and written communication skills.
Ability to write reports and business correspondence.
Must be comfortable managing communication and relationship with executive level contacts.
Willing to be placed in Jakarta Area.","Bancassurance, Communication, Customer Service, Financial Services, Presentation Skills, Problem Solving, Relationship Development, Report Writing, Sales Leadership, Team Effectiveness, and Team Leadership",https://media.licdn.com/dms/image/v2/C510BAQEmWvQmZ2PsMQ/company-logo_100_100/company-logo_100_100/0/1631411580594/aia_indonesia_logo?e=1733356800&v=beta&t=C4lk6U5XOMDBcAtkEZFSvoFtiekJvO2DY64vuaNB3hM,"On-site,Full-time,Mid-Senior,level","Jakarta, Indonesia",https://www.linkedin.com/jobs/view/4017181797/?alternateChannel=search&refId=zJCqWScttqGCWx8FA4Enzg%3D%3D&trackingId=iBD2%2B4aGDLpcSloWS545AA%3D%3D&trk=d_flagship3_search_srp_jobs
PT. Intikom Berlian Mustika,Solutions Architect,2 weeks ago,"Responsibilities:
Integrate solutions from the Infrastructure, Network, Transmission, and Cybersecurity solutions.
Conduct business analysis to understand and document customer needs and requirements.
Design and develop comprehensive IT architecture solutions.
Create efficient and scalable architecture designs.
Implement and oversee DevOps practices and network administration.
Ensure robust system and data security.
Collaborate and coordinate with other teams to design and implement architecture solutions.

Requirements:
Minimum Bachelor's degree in a relevant field (e.g., Computer Science, Information Technology).
At least 3 years of experience in IT architecture, infrastructure, and cloud architecture.
Proficiency in engineering and architecture design.
Hands-on experience with DevOps practices and network administration.
In-depth knowledge of system and data security principles.
Strong business analysis skills.
Excellent communication skills in English.","Application Security, Architecture Development, Cloud Infrastructure, Data Center Infrastructure, Data Security, IT Infrastructure Design, Infrastructure, Infrastructure Security, and Network Design",https://media.licdn.com/dms/image/v2/D560BAQEj2sp9kqNf0g/company-logo_100_100/company-logo_100_100/0/1714469508366/pt_intikom_berlian_mustika_logo?e=1733356800&v=beta&t=505Jbea_fVPykIZWhexjmZ0pnq1Xno5boJ-Sox2Gg4E,"On-site,Full-time,Associate","Jakarta, Indonesia",https://www.linkedin.com/jobs/view/4004281036/?alternateChannel=search&refId=zJCqWScttqGCWx8FA4Enzg%3D%3D&trackingId=lAd3PYn7S6LT3jWLCMvgsg%3D%3D&trk=d_flagship3_search_srp_jobs
Le Méridien Hotels & Resorts,Recreation Experience Expert - Basic Health Club Attendant,5 hours ago,"Job Number 24155350

Job Category Golf, Fitness, & Entertainment

Location Le Meridien Jakarta, Jalan Jenderal Sudirman, Jakarta, Jakarta, Indonesia VIEW ON MAP

Schedule Full-Time

Located Remotely? N

Relocation? N

Position Type Non-Management

Position Summary

Serve as a key resource for all recreation activities facilitated on the property. Provide information to guests about available recreation facilities, which may include pools, beach, entertainment zone/game-room, fitness center, and child activities center. Encourage, recruit, register, and schedule guests to participate in recreation activities. Promote a fun and relaxing atmosphere for guests. Promote the rules and regulations of the recreation facilities intended for the safety and welfare of guests and members. Observe activity in the recreational facility and respond appropriately in accordance with local operating procedure in the event of an emergency. Provide cashier services when working in facilities that include point of sales transactions. Assist when hosting private functions within the recreation facilities with group activities and events. Be aware of possible situations where guests are not able to safely participate in an activity and inform supervisor/manager Provide assistance to injured guests until the arrival of emergency medical services. Clean and maintain recreational facilities, equipment and supplies.

Report accidents, injuries, and unsafe work conditions to manager; complete safety training and certifications. Follow company policies and procedures; ensure uniform and personal appearance is clean and professional; maintain confidentiality of proprietary information; protect company assets. Welcome and acknowledge all guests according to company standards; anticipate and address guests’ service needs; assist individuals with disabilities; thank guests with genuine appreciation. Speak with others using clear and professional language; answer telephones using appropriate etiquette. Develop and maintain positive working relationships with others; support team to reach common goals. Process payments for rental equipment, recreation activities, facility rentals, or retail sales. Comply with quality assurance expectations and standards. Read and visually verify information in a variety of formats (e.g., small print). Visually inspect tools, equipment, or machines (e.g., to identify defects). Enter and locate work-related information using computers and/or point of sale systems. Stand, sit, or walk for an extended period of time or for an entire work shift. Move, lift, carry, push, pull, and place objects weighing less than or equal to 25 pounds without assistance and objects weighing in excess of 25 pounds with assistance. Grasp, turn, and manipulate objects of varying size and weight, requiring fine motor skills and hand-eye coordination. Move through narrow, confined, or elevated spaces. Move over sloping, uneven, or slippery surfaces as well as up and down stairs and/or service ramps. Reach overhead and below the knees, including bending, twisting, pulling, and stooping. Perform other reasonable job duties as requested.

Preferred Qualifications

Education: High school diploma or G.E.D. equivalent.

Related Work Experience: No related work experience.

Supervisory Experience: No supervisory experience.

Required Qualifications

License or Certification: CPR Certification

First Aid Certification

Recreation Equipment

Any certification or training required by local and state agencies.

Marriott International is an equal opportunity employer. We believe in hiring a diverse workforce and sustaining an inclusive, people-first culture. We are committed to non-discrimination on any protected basis, such as disability and veteran status, or any other basis covered under applicable law.

At Le Méridien, we are inspired by the era of glamorous travel, celebrating each culture through the distinctly European spirit of savouring the good life. Our guests are curious and creative, cosmopolitan culture seekers that appreciate moments of connection and slowing down to savour the destination. We provide authentic, chic and memorable service along with experiences that inspire guests to savour the good life. We’re looking for curious and creative people to join our team. If you appreciate connecting with like-minded guests and have a deep desire to create memorable experiences, we invite you to explore career opportunities with Le Méridien. In joining Le Méridien, you join a portfolio of brands with Marriott International. Be where you can do your best work, begin your purpose, belong to an amazing global team, and become the best version of you.","Communication, Confidentiality, First Aid, Front Office Operations, Health Club, Receptionist Duties, Recreation, Supervisory Skills, Teamwork, and Training",https://media.licdn.com/dms/image/v2/C4E0BAQFakt8VoVE7Bg/company-logo_100_100/company-logo_100_100/0/1630583981238/le_meridien_hotels__resorts_logo?e=1733356800&v=beta&t=mpW-l0JAuC8nARynxtZjJgcafo4Li4WivY2tmJyY8xg,"Full-time,Entry,level","Jakarta, Jakarta, Indonesia",https://www.linkedin.com/jobs/view/4015797337/?alternateChannel=search&refId=zJCqWScttqGCWx8FA4Enzg%3D%3D&trackingId=%2FzCDqktFPfqSfwwdqcgMWw%3D%3D&trk=d_flagship3_search_srp_jobs
broom.id,Corporate Strategy Lead,6 hours ago,"Responsibilities: 
Responsible for end-to-end fundraising activities and provide necessary documents for fundraising that includes pitch deck, financial projection, internal data and other commercial documents
Lead various corporate development initiatives that relates to strategic review on industry trend, new business initiatives, M&A and restructuring activity
Lead and develop high-performing deal teams with advanced financial modeling and transaction execution knowledge and general management skills.
Monitor company performances regularly to ensure company’s profitability
Take the actions necessary to follow up on partnership opportunities
Maintain relationship with investors, partners and other stakeholders
Develop the right financial way to estimate cash flow and profit potential
Analyze, assess and communicate to the Board on high level business impacts and risks.

Qualifications
Master’s degree preferred
Proven Experience overseeing financial modelling, including providing guidance to junior team members and ensuring consistent quality and accuracy of analysis
Confirmed valuation knowledge and strong understanding of financial and accounting principles
Minimum of 4 years of related work experience
Comfortable working in a fast-paced, multi-tasked, high-energy working environment","Accounting, Accounting Standards, Analytical Skills, Corporate Fundraising, Corporate Strategy, Finance, Financial Analysis, Financial Forecasting, Financial Modeling, Fundraising, Mergers & Acquisitions (M&A), and Skill Development",https://media.licdn.com/dms/image/v2/C4D0BAQECwvfG0t1h7g/company-logo_100_100/company-logo_100_100/0/1657186268771/broom_id_logo?e=1733356800&v=beta&t=kzyjJjWqcLXi8qxRhIXMms0dSiZNhR7zQ3KYIKP4pRo,"On-site,Full-time,Mid-Senior,level","Jakarta, Indonesia",https://www.linkedin.com/jobs/view/4017458734/?alternateChannel=search&refId=zJCqWScttqGCWx8FA4Enzg%3D%3D&trackingId=BCkHaP7junNipVmWWe%2Fk4w%3D%3D&trk=d_flagship3_search_srp_jobs
Sheraton Hotels & Resorts,Commis,5 hours ago,"Job Number 24155415

Job Category Food and Beverage & Culinary

Location Sheraton Senggigi Beach Resort, Jalan Raya Senggigi Km. 8, Lombok, West Nusa Tenggara, Indonesia VIEW ON MAP

Schedule Full-Time

Located Remotely? N

Relocation? N

Position Type Non-Management

Position Summary

Prepare special meals or substitute items. Regulate temperature of ovens, broilers, grills, and roasters. Pull food from freezer storage to thaw in the refrigerator. Ensure proper portion, arrangement, and food garnish. Maintain food logs. Monitor the quality and quantity of food that is prepared. Communicate assistance needed during busy periods. Inform Chef of excess food items for use in daily specials. Inform Food & Beverage service staff of menu specials and out of stock menu items. Ensure the quality of the food items. Prepare and cook food according to recipes, quality standards, presentation standards, and food preparation checklist. Prepare cold foods.

Assist management in hiring, training, scheduling, evaluating, counseling, disciplining, and motivating and coaching employees; serve as a role model. Follow all company and safety and security policies and procedures; report maintenance needs, accidents, injuries, and unsafe work conditions to manager; complete safety training and certifications. Ensure uniform and personal appearance are clean and professional; maintain confidentiality of proprietary information; protect company assets. Anticipate and address guests’ service needs. Speak with others using clear and professional language. Develop and maintain positive working relationships with others; support team to reach common goals; listen and respond appropriately to the concerns of other employees. Ensure adherence to quality expectations and standards. Stand, sit, or walk for an extended period of time. Reach overhead and below the knees, including bending, twisting, pulling, and stooping. Move, lift, carry, push, pull, and place objects weighing less than or equal to 25 pounds without assistance. Perform other reasonable job duties as requested by Supervisors.

Preferred Qualification

Education: Technical, Trade, or Vocational School Degree.

Related Work Experience: At least 3 years of related work experience.

Supervisory Experience: No supervisory experience.

License or Certification: None

Marriott International is an equal opportunity employer. We believe in hiring a diverse workforce and sustaining an inclusive, people-first culture. We are committed to non-discrimination on any protected basis, such as disability and veteran status, or any other basis covered under applicable law.

When you join the Sheraton family, you become a member of its global community. We’ve been a place to gather and connect since 1937. At Sheraton, associates create a sense of belonging in more than 400 communities around the world. We invite, we welcome, and we connect guests through engaging experiences and thoughtful service. If you’re a team player who is excited to deliver a meaningful guest experience, we encourage you to explore your next career opportunity with Sheraton. Join us on our mission to be ‘The World’s Gathering Place’. In joining Sheraton Hotels & Resorts, you join a portfolio of brands with Marriott International. Be where you can do your best work, begin your purpose, belong to an amazing global team, and become the best version of you.","Butchery, Cooking, Culinary Arts, Food Preparation, Food Quality, Food Safety, Food and Beverage Operations, Grills, Menu Costing, and Presentations",https://media.licdn.com/dms/image/v2/C4E0BAQHSB40QRirfIw/company-logo_100_100/company-logo_100_100/0/1630602842546/sheraton_logo?e=1733356800&v=beta&t=T9_CUEwqP49q-j_YslJ4hqD6RKe7VChVRwnBI820E8M,"Full-time,Entry,level","Lombok, West Nusa Tenggara, Indonesia",https://www.linkedin.com/jobs/view/4015793835/?alternateChannel=search&refId=zJCqWScttqGCWx8FA4Enzg%3D%3D&trackingId=t9I7V22CLNN%2Bjk2pS50E9A%3D%3D&trk=d_flagship3_search_srp_jobs
Prudential Indonesia (PT Prudential Life Assurance),Head of Data and Analytics (Sharia),Reposted 1 month ago,"Prudential’s purpose is to be partners for every life and protectors for every future. Our purpose encourages everything we do by creating a culture in which diversity is celebrated and inclusion assured, for our people, customers, and partners. We provide a platform for our people to do their best work and make an impact to the business, and we support our people’s career ambitions. We pledge to make Prudential a place where you can Connect, Grow, and Succeed.

Key Responsibilities:
Participate and ingrain data and analytics frameworks through the stages of development lifecycle, from requirements gathering to deployment to production.
Design, develop, unit test and implement tools and processes to gather data across mobile apps, websites, platforms of Prudential and eco-system partners. Come up with desired sets of standards to be followed for data engineering, data modelling etc
Create specifications and detailed plans, write code, oversee testing and debugging, and play an active role in the rollout and launch.
Work in close collaboration with other engineers, designers, R&D, analysts, product managers and other teams and stakeholders to achieve desired outcomes for the company.
Work closely with stakeholders to solve enterprise problems like to build Data storage, exposing and sharing of data in line with security and compliance requirements, Cloud Native and Serverless Applications and Analytics Solutions
Build robust batch and streaming data pipelines for production-grade data products /platforms, ensuring scalability and reliability
Create web services or APIs to connect and integrate analytical stacks to application layers
Manage data modelling design, writing, and optimizing streaming and/or ETL jobs
Data mining analysis and processing ability, participate in data access, inspection, optimization and other processing processes

Qualifications:
Have bachelor’s in engineering from a recognized institute, with a minimum 14 years of experience
Have knowledge and experience in ecosystem/platforms-as-a-service approach.
Have knowledge and experience in wellness and insurance domain capabilities.
Hand-on data-engineering experience and demonstrable body of work (Min 10 years) experience in data streaming, ETL, data pipeline building, and data warehousing
Proficient in designing efficient and robust data integration workflows using APIs and standard toolsets.
Deep expertise in leveraging PowerBI to build and automate various insights and reports required
Deep expertise in leveraging cloud native data capabilities like BigQuery, Snowflake, databricks etc
Deep expertise in building enterprise grade and wide data lake, data warehouses
Deep expertise in leveraging AI and ML to build recommendation and/or personalization engine, churning insights for businesses to increase persistency and find ways to up/cross sell to existing customers etc.
Exposure to Database technologies such as Couchbase, Prometheus, Postgress, MongoDB etc.
Able to implement and maintain components of big data technologies for both exploratory and production data science platforms
Strong client and stakeholder management abilities coupled with excellent communication, written, analytical, organisational and problem-solving skills

Prudential is an equal opportunity employer. We provide equality of opportunity of benefits for all who apply and who perform work for our organisation irrespective of sex, race, age, ethnic origin, educational, social and cultural background, marital status, pregnancy and maternity, religion or belief, disability or part-time / fixed-term work, or any other status protected by applicable law. We encourage the same standards from our recruitment and third-party suppliers taking into account the context of grade, job and location. We also allow for reasonable adjustments to support people with individual physical or mental health requirements.","Communication, Data Analytics, Data Engineering, Data Modeling, Data Warehousing, Information Technology, Microsoft Power BI, and Stakeholder Management",https://media.licdn.com/dms/image/v2/C510BAQHlHbrkp6AbPg/company-logo_100_100/company-logo_100_100/0/1630608436677/prudential_indonesia_pt_prudential_life_assurance__logo?e=1733356800&v=beta&t=y2KTb6DuWkWhWlcE8GTrpGv5yB8SLBkX8Yt0dCLzo0U,"Hybrid,Full-time,Mid-Senior,level","Jakarta, Indonesia",https://www.linkedin.com/jobs/view/3967426688/?alternateChannel=search&refId=zJCqWScttqGCWx8FA4Enzg%3D%3D&trackingId=%2BW%2BRgTnWnq3UOA1LZ8SufQ%3D%3D&trk=d_flagship3_search_srp_jobs
WIZ.AI,AI Support Intern (Mandarin Speaker),5 days ago,"WIZ.AI's suite of generative AI-powered omnichannel customer engagement solutions is trusted by 260+ global clients to enhance customer experience, improve customer outreach, foster human-AI collaboration, increase business results, and attain higher cost savings. WIZ.AI's solutions automate ten million interactions every hour, helping businesses connect with their customers at the right time with the right message through the right channel. Through its distinct product suite, WIZ.AI offers global reach while facilitating local expertise to its clients.


Key Responsibilities:
1.Script & CRM Development
Perform minor development tasks on script and CRM logic flow.
Configure software, cross-test, and train.
Collect intents and clean up data.
2.Call Monitoring & Issue Fixing
Set up and track internal call tasks.
Conduct and monitor calls, ensuring quality and logic.
Fix issues found during call logging.
Ensure outbound call tasks run smoothly.
3.NLU Corpus Development
Collect user responses for project scenarios.
4.ASR Corpus Development
Gather various pronunciations and speaking styles.
5.Data Annotation
Annotate data accurately.
6.Sound Editing
Edit, splice, and upload sound files.
7.Other Tasks
Perform additional operational tasks as needed.

Requirements:
Final year students & fresh graduates are very welcome to apply!
Excellent in English and proviciency in Mandarin written and communication is a must.
Passing our logic test is a must.
Detail oriented, fast leaner, and flexible.
Willing to work from office in South Jakarta.","Annotation, Call Logging, Chinese, Chinese Translation, Communication, Customer Relationship Management (CRM), English, and Mandarin",https://media.licdn.com/dms/image/v2/D560BAQGJXeKI3cHCUg/company-logo_100_100/company-logo_100_100/0/1722412064100/wiz_ai_logo?e=1733356800&v=beta&t=lNNI_TA74ScivrnvfukDoX_y-HNA76vO7TkTelkc2_A,"On-site,Internship,Internship","South Jakarta, Jakarta, Indonesia",https://www.linkedin.com/jobs/view/4013328515/?alternateChannel=search&refId=iIs0zB17VbEnHAvGUiq2%2BA%3D%3D&trackingId=2aBIkGg33qgmZgGvY9Uv6g%3D%3D&trk=d_flagship3_search_srp_jobs
Vertiv,"Customer Engineer, Thermal",2 weeks ago,"RESPONIBILITIES:
Assist the Operations Manager, Thermal to carry out the company's commitment and promise delivery of service level to the customers.
To provide technical support and assistance in the cost evaluation for ""time & material"" repair quotation.
To assist in the cost evaluation required for ""time & material"" repair quotation. 
Exercise a professional and customer oriented approach with a service level reflecting Vertiv as a company of world class quality.
Participate and contribute to the training, supervision, motivation and development of the senior technicians and technicians for continual improvement and optimized performance.
Keeping up to date the knowledge and application of company products/services.
Continually developing and improving himself as a service professional by self analysis, reading, benchmarking against the best in the industry and practicing.
Accountable for delivery professional and quality Service which meet the customer's expectation. 
Make Vertiv to customers preferred choice as trusted business partner by delivering quality and services on time.
REQUIREMENTS:
Minimum University Degree.
Excellent knowledge in air-conditioning.
Minimum 2 years' experience in Service Engineer position.
Computer literacy.
Good communication skills both towards customers and internally.
Analytical, reliable, hardworking, strong commitment to excellence.
Customer orientated team player and self-motivated, creative, analytic and innovative.
Good leadership to coach and guide technicians. 
The successful candidate will embrace Vertiv's Core Principals & Behaviors to help execute our Strategic Priorities. 
OUR CORE PRINCIPALS: Safety. Integrity. Respect. Teamwork. Diversity & Inclusion.
OUR STRATEGIC PRIORITIES
Customer Focus
Operational Excellence
High-Performance Culture
Innovation
Financial Strength
OUR BEHAVIORS
Own It
Act With Urgency
Foster a Customer-First Mindset
Think Big and Execute
Lead by Example
Drive Continuous Improvement
Learn and Seek Out Development
 At Vertiv, we're on a mission to empower the people that will power the future. From a simple swipe to life-changing medicines, from push notifications to generative AI. We design, manufacture, and service the products and solutions that keep the world connected. With $6.9 billion in revenue, a strong customer base and global reach spanning nearly 70 countries, we are uniquely positioned to deliver greater value to our customers and create new opportunities for our people. 
Vertiv is an Equal Opportunity/Affirmative Action employer. We promote equal opportunities for all with respect to hiring, terms of employment, mobility, training, compensation, and occupational health, without discrimination as to age, race, color, religion, creed, sex, pregnancy status (including childbirth, breastfeeding, or related medical conditions), marital status, sexual orientation, gender identity / expression (including transgender status or sexual stereotypes), genetic information, citizenship status, national origin, protected veteran status, political affiliation, or disability. If you have a disability and are having difficulty accessing or using this website to apply for a position, you can request help by sending an email to . If you are interested in applying or learning more about this role, please visit the company's career page located on Vertiv.com/Careers","Analytical Skills, Communication, High Performance Computing (HPC), Service Levels, and Troubleshooting",https://media.licdn.com/dms/image/v2/D4D0BAQFa8t5R2vYXSw/company-logo_100_100/company-logo_100_100/0/1709730148932/vertiv_logo?e=1733356800&v=beta&t=JXmrQuZCqUoMa05jwDTAatvl6OhpC8ea1-wu7oCOmCA,"Full-time,Entry,level","Jakarta, Indonesia",https://www.linkedin.com/jobs/view/4000196619/?alternateChannel=search&refId=iIs0zB17VbEnHAvGUiq2%2BA%3D%3D&trackingId=gegAtoUAVvjgSmSVZ05BDg%3D%3D&trk=d_flagship3_search_srp_jobs
Deloitte,Senior Manager - Artificial Intelligence & Data - ID,Reposted 1 week ago,"At Deloitte, we offer a unique and exceptional career experience to inspire and empower talents like you to make an impact that matters for our clientsDate: 29 Aug 2024

Service Line / Portfolios: Strategy, Growth & Innovation

Location:

Jakarta, ID

Are you ready to unleash your potential?

At Deloitte, our purpose is to make an impact that matters for our clients, our people, and the communities we serve.

We believe we have a responsibility to be a force for good, and WorldImpact is our portfolio of initiatives focused on making a tangible impact on society’s biggest challenges and creating a better future. We strive to advise clients on how to deliver purpose-led growth and embed more equitable, inclusive as well as sustainable business practices.

Hence, we seek talented individuals driven to excel and innovate, working together to achieve our shared goals.

We are committed to creating positive work experiences that foster a culture of respect and inclusion, where diverse perspectives are celebrated, and everyone is recognised for their contributions.

Ready to unleash your potential with us? Join the winning team now!

Work you will do

This role sits within the Artificial Intelligence and Data (AI&D) team of Deloitte Consulting Southeast Asia, which encompasses data, analytics, and intelligent automation (IA). As a Senior Manager in this group, you will lead the delivery of our Intelligent Automation solutions, including robotic process automation, intelligent character recognition, chatbots/virtual assistants, and artificial intelligence.

The Artificial Intelligence & Data team leverages the power of data, analytics, robotics, science, and cognitive technologies to uncover hidden relationships from vast troves of data, generate insights, and inform decision-making. We help clients transform their business by architecting organizational intelligence programs and differentiated strategies to win in their chosen markets.

As a Senior Manager you will:

Client Engagement: Lead the delivery of client work, managing a cross-service line team for major projects. Take ownership of practice development and business management activities to grow the AI&D practice, aligning to an industry to exploit depth of knowledge and professional experience. 
Solution Development: Develop and implement innovative IA solutions, including designing and developing data structures and integration processes to support Big Data, Analytical models, and traditional BI/DW reporting solutions using relational and non-relational data management technologies and Cloud technologies. 
Data Integration: Design and develop data integration processes with a variety of structured and unstructured data using tools such as Informatica, Talend, or AWS Glue, Azure Data Factory, and/or Google Cloud Data Fusion. 
Data Visualization: Partner with business users to co-design impactful visual, interactive dashboards and reports using technologies such as QlikView, Tableau, Spotfire, PowerBI, AWS QuickSight, and Google Looker. 
Predictive Analytics: Design modeling approaches and solutions, applying analytical models to predict business outcomes using tools such as Dataiku, AWS Sagemaker, GCP VertexAI, TensorFlow, Keras, or PyTorch. 
Generative AI: Develop and implement Large Language Models (LLMs) and Generative AI in actual business processes. 
Governance: Apply core complementary information management disciplines including Data Governance, Data Quality, Master Data Management (MDM), and Metadata management. 
Market Presence: Strengthen Deloitte's presence in the market, identify revenue-generating opportunities, and get involved in proposal writing and pitch presentations. 
Client Relationships: Build and maintain trusted relationships with key clients and maintain project portfolio/pipeline. 

Your role as a leader

At Deloitte, we believe in the importance of empowering our people to be leaders at all levels. We connect our purpose and shared values to identify issues as well as to make an impact that matters to our clients, people and the communities. Additionally, Senior Managers across our Firm are expected to:

Establish a strong leadership brand and inspire their team through passion, integrity, and appreciation of others.
Make effective use of resources to optimise value.
Demonstrate the success and efficiency of Deloitte through leveraging its network and people.
Deliver exceptional quality results and stakeholder value by leveraging each person’s strengths to build high performing teams across businesses and borders.
Apply deep knowledge of disruptive trends and competitor activity to drive continuous improvement.
Build deep professional relationships across a diverse network and use a flexible influencing style to gain buy-in and drive impact.
Translate broader strategy into a compelling team vision and goals as well as align the team and sets priorities to achieve objectives.
Contribute to building an inclusive talent pipeline by creating a talent experience that attracts, develops and retains diverse, top talent and high performing teams.

Requirements

Educational Background: A good honors Degree, preferably at the postgraduate level, in Computer Science, Software Engineering, Statistics, Mathematics, or related disciplines. 
Experience:
Extensive experience in a Big 4 or MNC Consulting firm or equivalent industry role, with a minimum of 10 years of relevant experience and solid experience in the sales cycle and leading project teams. 
Strong experience directly interfacing with senior business and IT stakeholders for clients. 
Technical Expertise: 
Proficiency in programming languages such as Scala, Python, or R. 
Extensive experience with relational and non-relational data stores, and building data ingestion and transformation pipelines using Big Data technologies and ETL tools. 
Proficiency in cloud Data Engineering, including implementing Azure Data Factory, AWS Glue, Google DataProc, or Google DataFlow. 
Familiarity with Agile methodologies and tools like Git, Subversion, or Mercurial. 
General knowledge of Linux/Unix operating systems and Shell scripting. 
Interpersonal Skills: 
Exceptional problem-solving skills, client-focused mindset, and results orientation. 
Outstanding communication, presentation, and negotiation skills in English. 
Consulting Lifestyle: Ability to travel and adapt to the consulting lifestyle. 
In addition to a strong client service orientation, we seek leaders who can deliver quality solutions with superior analytical and problem-solving skills. Excellent interpersonal and communication skills, business acumen, teamwork, and leadership qualities are essential.

Due to volume of applications, we regret that only shortlisted candidates will be notified.

Please note that Deloitte will never reach out to you directly via messaging platforms to offer you employment opportunities or request for money or your personal information. Kindly apply for roles that you are interested in via this official Deloitte website.

Requisition ID: 104308

In Indonesia, the services are provided by Imelda & Rekan and other related entities in Indonesia (""Deloitte in Indonesia""), which are affiliates of Deloitte Southeast Asia Ltd. Deloitte Southeast Asia Ltd is a member firm of Deloitte Touche Tohmatsu Limited. Deloitte in Indonesia, which is within the Deloitte Network, is the entity that is providing this Website.","Analytics, Big Four Accounting Firms, Communication, Data Ingestion, ETL Tools, Extract, Transform, Load (ETL), Google Cloud Dataflow, Interpersonal Communication, Project Teams, and Service Orientation (Social)",https://media.licdn.com/dms/image/v2/C560BAQGNtpblgQpJoQ/company-logo_100_100/company-logo_100_100/0/1662120928214/deloitte_logo?e=1733356800&v=beta&t=9QgMfZ0XdBUF1f7YfYGSLFToccmT3OPW1EuclvGqStQ,"Hybrid,Full-time,Mid-Senior,level",Jakarta Metropolitan Area,https://www.linkedin.com/jobs/view/3962387964/?alternateChannel=search&refId=iIs0zB17VbEnHAvGUiq2%2BA%3D%3D&trackingId=3vFXgoRL1Rj7T%2B7c79cFWQ%3D%3D&trk=d_flagship3_search_srp_jobs
Populix,Data Scientist (Generative AI),1 month ago,"About Us

Populix is a consumer insights platform that helps businesses connect with its database of respondents and provides them with insights to better understand the preferences of Indonesian consumers. Populix has a pool of over 250,000 diverse, readily accessible, and highly-qualified respondents across Indonesia. Its products range from intensive research studies to simple surveys and can be arranged on a project or subscription basis. Focusing on the fact that Indonesian consumers are super sticky to their phones, Populix facilitates a diverse range of data collection methods via its mobile app.

Job Brief

Populix is seeking a highly motivated and experienced Senior Data Scientist with expertise in Generative AI and Natural Language Processing (NLP). The successful candidate will be responsible for the development, optimization, and implementation of AI across Populix's products, ensuring it is user friendly, efficient, and effective.

Responsibilities:

Lead the development and implementation of Generative AI models for Populix's products and services
Work collaboratively with cross-functional teams to identify areas for AI-driven innovation and develop strategies for delivering them
Develop and implement NLP models for text classification, text completion, and sentiment analysis
Build, train and optimize machine learning models and algorithms to provide data-driven insights to clients
Communicate effectively with clients, stakeholders, and other team members to deliver high-quality AI-driven solutions

Requirements:

Bachelor’s or master's degree in Computer Science, Statistics, or related fields
Minimum 2 years of working experience as a data scientist, 2 years experience with NLP
Strong programming skills in Python and its data science ecosystem (spacy, nltk, LangChain, Ollama (or other LLM Framework) OpenAI, etc)
Strong SQL and noSQL skills
Expertise in the latest ML techniques and deep learning frameworks such as Tensorflow, PyTorch, etc
Strong problem-solving and analytical skills
Excellent written and verbal communication skills
Familiar with customer behavior and human computer interaction is a plus
Experience in working with large datasets and distributed computing environments
Ability to work independently and in a team-oriented, collaborative environment

Powered by JazzHR

JNZEWePHzv","Computer Science, Data Science, Datasets, Distributed Computing, Natural Language Processing (NLP), Neuro-Linguistic Programming (NLP), Oral Communication, Problem Solving, Statistics, and Working Experience",https://media.licdn.com/dms/image/v2/C4E0BAQFcGUfC3BnJgg/company-logo_100_100/company-logo_100_100/0/1631357329953?e=1733356800&v=beta&t=9d7Zg2nZxVxQwsOwMsqnwYavHQwSyfew-MObaYoCntQ,"Remote,Contract,Mid-Senior,level",Jakarta Metropolitan Area,https://www.linkedin.com/jobs/view/3976644604/?alternateChannel=search&refId=iIs0zB17VbEnHAvGUiq2%2BA%3D%3D&trackingId=VJb1kUvP0cV6EjjmEOV01A%3D%3D&trk=d_flagship3_search_srp_jobs
CIMB Niaga,Transformation Specialist,6 days ago,"Job Description

Transformation Implementation / Execution
Actively lead and drive the execution of transformation projects/initiatives
Facilitate and drive conversations/decisions / meetings necessary to execute the transformation initiative with and amongst key stakeholders (Consultants, Impact Centre Leaders, Business Heads, Initiative Owners (IOs) and TSO)
Partner with the IOs of respective initiatives to support and drive the implementation of transformation initiatives (remove roadblocks, coordinate, execute)
Where possible provide subject matter expertise (e.g. business process, data analytics, business experience) to advise/support the IO (initiative owners) in the implementation of his/her initiative
Ensure all necessary approvals required in the execution of transformation initiatives are obtained and that all internal governance and risk processes are adhered to
Other duties as directed

Project Management
Track status/timelines and deliverables for all initiatives under purview – submit change requests as and when required
Keep track of action points/action items outstanding for initiatives under purview and follow up accordingly
Ensure Team Members / IO's names and roles are updated and maintained accurately in the Transformation Team Member Database, submission of Change Requests as and when required
Prepare periodical transformation updates relating to IC/ Initiatives under purview to ensure TSO, BMC, and all other relevant stakeholders are kept up to date on progress on transformation initiatives /IC under purview
Liaison with finance and central TSO in assessing, tracking, and reporting the financial benefit of transformation projects
Track and monitor the transformation scorecard relating to the transformation impact centre under the purview
Other duties as directed

Qualifications
Bachelors Degree
Prefereable to have some experience / certification on : Project Management Skill / Process Improvement skill : Lean Six Sigma, Total Quality Management, Design Thinking, Agile
More than 5 years of experience of relevant project management / process improvement background in Digital Transformation/Partnership or Financial Products or Generative AI with the latest technology project management
Experience in change management / transformation preferred
Having experience in transaction banking is a must
Hybrid working arrangement
Willing to be placed in Blok M - Menara Sentraya","Artificial Intelligence (AI), Banking, Business Process Improvement, Change Requests, Design Thinking, Project Management, Project Management Office (PMO), Six Sigma, Total Quality Management (TQM), and Transactional Banking",https://media.licdn.com/dms/image/v2/C560BAQE0UE-6hjzwPA/company-logo_100_100/company-logo_100_100/0/1631355002048?e=1733356800&v=beta&t=jlGXIg_Ssn0jz32UaSvKN36-phZee_3b9qkZ8m5OuWw,"Hybrid,Full-time,Mid-Senior,level","Jakarta, Indonesia",https://www.linkedin.com/jobs/view/4011029641/?alternateChannel=search&refId=iIs0zB17VbEnHAvGUiq2%2BA%3D%3D&trackingId=ZrfegXIJ6KELkQpSIHQKZQ%3D%3D&trk=d_flagship3_search_srp_jobs
qode.world,Senior Full Stack Engineer (Next.js / React.js/ Node.js / TypeScript),2 months ago,"We are a group of product development experts founded by a CEO with over 10 years of experience and expertise as a PdM and a tech lead with extensive experience in global companies such as SONY. We have completed a $600,000 seed round of funding in 2022 and are expanding our business with a focus on IT outsourcing. We have several projects related to generative AI and we have a team of professionals helping advanced clients expand their business. Our team is a multinational global team including Japan, Indonesia, Vietnam, and the Philippines, with 8 full-time employees as of June 2024. We plan to expand our own products in the future and are looking for people who enjoy this exciting environment.

Project Example

Development Project for Sales Support Tool Using Generated AI
Generative AI chatbot development project for an insurance agency
Marketing SaaS renewal project for Japan's largest advertising agency group company
Mobile application development project for a major retailer with Flutter
Automatic shift generation SaaS development project for a welfare facility with algorithms for linear programming


About This Job

This position is a senior engineer with a mission to lead development projects for customers. You will lead projects based on your high level of expertise and lead customers to success.

In addition to engineering, a wide range of skills such as project management and communication are required at a high level, which will greatly expand your career potential.

Tech-stacks:

Programming Languages Used:
Mainly Used: TypeScript
Others: Python, Dart
Frontend: Next.js
Backend: Supabase, AWS, GCP

Work condition

Full remote and you can work from all over the world
HQ is in Tokyo but professionals can have great collaboration with all remote conditions

Selection Process

Pre technical test (Chat)
Culture interview (30 min)
Final - Technical interview (60 - 90min)


Requirements

Required skills and experiences

More than 4 years experience in React/Next.js using TypeScript
More than 4 years experience in server-side development using Node.js
Experience in using Supabase/AWS/GCP in projects
Has responsibility
Has passion for removing unnecessary coding and creating innovation
Has honesty and a good heart
Has the ability to actively grow and expand their role
Has a sincere attitude and can wholeheartedly engage with the product
Has the proactiveness to bridge the gap between expectations and reality

Read this before applying

We would ask for trial work for 1 month which is 100% paid. Let us know about this confirmation


Benefits

Remote working culture
Distributed team
Result-oriented environment","Back-End Web Development, Good Clinical Practice (GCP), Google Cloud Platform (GCP), JavaScript, Mobile Application Development, Next.js, Node.js, React.js, Server Side, and TypeScript",https://media.licdn.com/dms/image/v2/D4D0BAQHLTxtFgJZbYg/company-logo_100_100/company-logo_100_100/0/1714039643512/qode_world_logo?e=1733356800&v=beta&t=JLc9gy-rZc8txb4PGCIpvcLX3CnUff1HlefMIpLFc_I,"Remote,Full-time,Mid-Senior,level",Indonesia,https://www.linkedin.com/jobs/view/3966529211/?alternateChannel=search&refId=iIs0zB17VbEnHAvGUiq2%2BA%3D%3D&trackingId=2bCr8Y0ISkY%2FfQtbB9hb6Q%3D%3D&trk=d_flagship3_search_srp_jobs
Crossover ,"Engineering Manager, Trilogy (Remote) - $100,000/year USD",16 hours ago,"Crossover is the world's #1 source of full-time remote jobs. Our clients offer top-tier pay for top-tier talent. We're recruiting this role for our client, Trilogy. Have you got what it takes?

We're looking for an experienced technical product lead to turn high-level goals and milestones into actionable engineering work, for our strategic line of products:

Crossover: An AI-powered hiring platform that sifts through millions of applicants per year to find the top 1% of global remote talent. We're breaking down geographical barriers and making high-paying jobs accessible to professionals worldwide, regardless of their location.
gt.school: An online education platform that uses advanced data collection, algorithms, and AI-generated content to empower students to learn at their own pace. Our adaptive learning system fills knowledge gaps, accelerates learning, and helps students master a whole grade level on a subject within weeks.
Data-driven Sales: This initiative leverages data and AI algorithms to streamline the sales process across a portfolio of over 100 software products. We're transitioning these products to a unified platform based on Salesforce and NetSuite, all while handling complex data imports, synchronization, modeling divergences and data inconsistencies.

What we offer:

The opportunity to learn and experiment with using generative AI to boost your productivity.
A team of exceptionally talented product people and engineers from around the world as your peers.
The chance to work on products that are reshaping industries and making a difference in people's lives.

We're not just using AI as a buzzword. We're at the start of a thrilling journey with generative AI, experimenting and learning to fully leverage its potential and free our product people and engineers from mundane tasks, allowing them to focus on what truly matters: design, decision-making, and understanding the far-reaching implications of different implementation strategies.

If you’re passionate about designing and delivering high-quality software, we'd love to hear from you.

What You Will Be Doing

Breaking down high-level milestones into requirements, user stories, and acceptance criteria
Reviewing and accepting engineering deliverables, ensuring they meet all of the requirements
Tracking and ensuring post-rollout feature success - looking at metrics, interviewing users, etc.

What You Won’t Be Doing

Chasing developers to get their work and tasks delivered on time
Managing people or completing HR & administrative tasks
Performing low-level exhaustive quality assurance work

Basic Requirements

Engineering Manager key responsibilities

At least 2 years of hands-on experience working as a software engineer.
At least 1 year of hands-on experience working as a product manager/product owner/delivery owner.
Knowledge of relational database fundamentals and hands-on experience writing SQL.
An openness to learn to heavily use generative A.I. in your day-to-day work.

Nice-to-have Requirements

Experience in using generative A.I. in your day-to-day work (product or development).

About Trilogy

Hundreds of software businesses run on the Trilogy Business Platform. For three decades, Trilogy has been known for 3 things: Relentlessly seeking top talent, Innovating new technology, and incubating new businesses. Our technological innovation is spearheaded by a passion for simple customer-facing designs. Our incubation of new businesses ranges from entirely new moon-shot ideas to rearchitecting existing projects for today's modern cloud-based stack. Trilogy is a place where you can be surrounded with great people, be proud of doing great work, and grow your career by leaps and bounds.

There is so much to cover for this exciting role, and space here is limited. Hit the Apply button if you found this interesting and want to learn more. We look forward to meeting you!

Working with Crossover

This is a full-time (40 hours per week), long-term position. The position is immediately available and requires entering into an independent contractor agreement with Crossover. The compensation level for this role is $50 USD/hour, which equates to $100,000 USD/year assuming 40 hours per week and 50 weeks per year. The payment period is weekly. Consult www.crossover.com/help-and-faqs for more details on this topic.

What to expect next:

You will receive an email with a link to start your self-paced, online job application.
Our hiring platform will guide you through a series of online “screening” assessments to check for basic job fit, job-related skills, and finally a few real-world job-specific assignments.

Important! If you do not receive an email from us:

First, emails may take up to 15 minutes to send, refresh and check again.
Second, check your spam and junk folders for an email from Crossover.com, mark as “Not Spam” since you will receive other emails as well.
Third, we will send to whatever email account you indicated on the Apply form - by default, that is the email address you use as your LinkedIn username and it might be different than the one you have already checked.
If all else fails, just reset your password by visiting https://www.crossover.com/auth/password-recovery if you already applied using LinkedIn EasyApply.

Crossover Job Code: LJ-4459-ID-Bandung-EngineeringMan.001","Databases, Engineering Management, Product Management, Product Promotion, Product Service, Quality Assurance, SQL, Story, Team Management, and User Stories",https://media.licdn.com/dms/image/v2/C4E0BAQG8bdX5sQ24KQ/company-logo_100_100/company-logo_100_100/0/1630619679689/crossover__logo?e=1733356800&v=beta&t=86tJjSpTgAtUrVzQT4gGD4twGep1u1dnKBDSbknymVQ,"$50/hr,Remote,Full-time,Mid-Senior,level","Bandung, West Java, Indonesia",https://www.linkedin.com/jobs/view/4017075829/?alternateChannel=search&refId=akVLCGCdPfLcFULDeE0YeQ%3D%3D&trackingId=6wQXzcR3F68dg6z0zhWUag%3D%3D&trk=d_flagship3_search_srp_jobs
Crossover ,"Instructor, 2 Hour Learning (Remote) - $100,000/year USD",16 hours ago,"Crossover is the world's #1 source of full-time remote jobs. Our clients offer top-tier pay for top-tier talent. We're recruiting this role for our client, 2 Hour Learning. Have you got what it takes?

Is translating educational theories into actionable assessments your superpower? Do you thrive in environments where excellence is the norm, dissecting and designing with a level of precision that only the keenest eye can achieve?

We're scouting for an expert in psychometrics with a flair for distilling complex educational measurements into clear, effective tests to sculpt revolutionary educational experiences. Think you have checked all the right boxes so far? Then this is your opportunity to shine.

At 2 Hour Learning, we're not just tinkering with the idea of AI in education; we're orchestrating a full-blown transformation. Scrap the old playbook of manual test creation. Textbooks? Obsolete. In this role, you will wield the power of generative AI to design prompts that delve deep into the subject matter, commanding it to produce test content that's personalized, engaging, and rigorous.

Your experience in quantitative measurement and educational content creation will help you synthesize complex frameworks into AI prompts, yielding razor-sharp test questions that align tightly with educational standards. You will then quality control your outputs by crafting AI-first rubrics, ensuring each question and answer hits the mark and stimulates curiosity, enriching the learning journey. It's all about a relentless pursuit of excellence, a continuous cycle of refinement, and a dedication to content that not only meets but exceeds the bar.

If you're seeking a role where you can blend creativity with technology and where your contributions have a lasting impact, 2 Hour Learning is where you belong. Take the leap and apply now!

What You Will Be Doing

Creating and refining test content to meet rigorous educational standards, using a blend of psychometrics and generative AI tools
Developing assessment rubrics with the help of AI that evaluate the depth, alignment, and educational impact of the test content
Enhancing the quality of test content through a streamlined, iterative process for consistently superior and challenging assessments

What You Won’t Be Doing

Creating test content manually – you will be using generative AI tools (such as ChatGPT, Gemini, Claude etc.) for every task
Developing code to automate systems - you will focus on test design using AI, while our engineers handle the tech specifics

Instructor Key Responsibilities

Applying your psychometric expertise to develop and refine test content with the help of AI, ensuring the assessments are personalized, rigorous, and aligned with educational standards

Basic Requirements

Bachelor's degree or higher with a focus on psychometrics, educational measurement and statistics, OR at least 3 years of experience creating content for standardized tests (SAT, ACT, etc.) within an edtech environment
Basic familiarity with and an eagerness to rapidly master AI tools and their application in test content development
A user-centric approach and the ability to critically evaluate content in terms of appropriateness, accuracy, and relevance

About 2 Hour Learning

2hr Learning is powered by AI technology that enables schools to provide personalized, mastery learning to students, enabling them to learn faster than standard school, thereby freeing up the rest of the school day to pursue their passions and interests.

There is so much to cover for this exciting role, and space here is limited. Hit the Apply button if you found this interesting and want to learn more. We look forward to meeting you!

Working with Crossover

This is a full-time (40 hours per week), long-term position. The position is immediately available and requires entering into an independent contractor agreement with Crossover. The compensation level for this role is $50 USD/hour, which equates to $100,000 USD/year assuming 40 hours per week and 50 weeks per year. The payment period is weekly. Consult www.crossover.com/help-and-faqs for more details on this topic.

What to expect next:

You will receive an email with a link to start your self-paced, online job application.
Our hiring platform will guide you through a series of online “screening” assessments to check for basic job fit, job-related skills, and finally a few real-world job-specific assignments.

Important! If you do not receive an email from us:

First, emails may take up to 15 minutes to send, refresh and check again.
Second, check your spam and junk folders for an email from Crossover.com, mark as “Not Spam” since you will receive other emails as well.
Third, we will send to whatever email account you indicated on the Apply form - by default, that is the email address you use as your LinkedIn username and it might be different than the one you have already checked.
If all else fails, just reset your password by visiting https://www.crossover.com/auth/password-recovery if you already applied using LinkedIn EasyApply.

Crossover Job Code: LJ-5159-ID-Bandung-Instructor.013","Coaching, Content Development, Educational Measurement, Generative AI, Relevance, Rubrics, Screening, Teamwork, and Test Design",https://media.licdn.com/dms/image/v2/C4E0BAQG8bdX5sQ24KQ/company-logo_100_100/company-logo_100_100/0/1630619679689/crossover__logo?e=1733356800&v=beta&t=86tJjSpTgAtUrVzQT4gGD4twGep1u1dnKBDSbknymVQ,"$50/hr,Remote,Full-time,Mid-Senior,level","Bandung, West Java, Indonesia",https://www.linkedin.com/jobs/view/4017081795/?alternateChannel=search&refId=akVLCGCdPfLcFULDeE0YeQ%3D%3D&trackingId=6h6Ewa9rgXdn49OqiHFKsQ%3D%3D&trk=d_flagship3_search_srp_jobs
Crossover ,"Full Stack Developer, LearnwithAI (Remote) - $100,000/year USD",16 hours ago,"Crossover is the world's #1 source of full-time remote jobs. Our clients offer top-tier pay for top-tier talent. We're recruiting this role for our client, LearnwithAI. Have you got what it takes?

Are you a full-stack engineer who thrives on complex challenges and is eager to make a real impact? Join our team to contribute to innovative products that deeply leverage AI, changing the way we work and learn.

Join us to work on our exciting product portfolio:

TeachTap: Bringing historical figures to life using AI, offering an engaging, TikTok-like learning experience to make learning more relevant and fun.
Educational Content Generation: Utilizing the latest in generative AI combined with comprehensive learning materials to create captivating content.
TeachTower: A game-based motivation system inspired by popular games like Roblox and Minecraft, designed to make learning irresistibly fun.
Coachbot: A learning copilot that integrates with existing apps, guiding learning paths, recommending next steps, and rewarding daily progress.

What we offer:

The opportunity to work with cutting-edge technologies, including the latest in Angular, React, React Native, and AWS serverless patterns.
The opportunity to learn and experiment with using generative AI to boost your productivity.
A team of exceptionally talented engineers from around the world as your peers.
The chance to work on products that are making a real difference in people's lives.

We're not just using AI as a buzzword. We're at the start of a thrilling journey with generative AI, experimenting and learning to fully leverage its potential and free our engineers from mundane tasks, allowing them to focus on what truly matters: design, decision-making, and understanding the far-reaching implications of different implementation strategies.

Showcase your skills, not just your resume. Take on our challenges: 15-min Cognitive, 90-min Coding, 180-min Technical Decision-Making. Excel and you'll face a decisive interview with our Hiring Manager. More than half walk away with an offer. Ready to unleash your potential? Apply today!

What You Will Be Doing

Building modern web apps using top-notch libraries and tools.
Enhancing cloud-native backends using the latest serverless cloud patterns, including AWS.
Reviewing code to ensure adherence to best practices, team standards, and customer requirements.

What You Won’t Be Doing

Spending time on minor bug fixes or features in outdated codebases.
Dealing with tedious infrastructure to keep poorly written products running.
Getting stuck in endless meetings discussing roadmaps and priorities or chasing people around.

Basic Requirements

Full Stack Developer key responsibilities

At least 4 years of experience writing production code for both the frontend and backend of web applications (any framework).
At least 2 years of experience being the primary technical contributor for a development team OR software product.
An openness to learn to use generative AI in your day-to-day development work.

Nice-to-have Requirements

Experience in using generative AI in your day-to-day development work.

About LearnwithAI

LearnWith.AI is an edtech startup that leverages AI and subject matter experts to cultivate a new way of learning. Our unique approach leverages 50+ years of learning science, cutting-edge data analytics and AI-powered coaching. In doing so, we can help students learn more, learn faster, and learn better - and have fun while doing it. We are a remote-first company that hires globally via Crossover.

There is so much to cover for this exciting role, and space here is limited. Hit the Apply button if you found this interesting and want to learn more. We look forward to meeting you!

Working with Crossover

This is a full-time (40 hours per week), long-term position. The position is immediately available and requires entering into an independent contractor agreement with Crossover. The compensation level for this role is $50 USD/hour, which equates to $100,000 USD/year assuming 40 hours per week and 50 weeks per year. The payment period is weekly. Consult www.crossover.com/help-and-faqs for more details on this topic.

What to expect next:

You will receive an email with a link to start your self-paced, online job application.
Our hiring platform will guide you through a series of online “screening” assessments to check for basic job fit, job-related skills, and finally a few real-world job-specific assignments.

Important! If you do not receive an email from us:

First, emails may take up to 15 minutes to send, refresh and check again.
Second, check your spam and junk folders for an email from Crossover.com, mark as “Not Spam” since you will receive other emails as well.
Third, we will send to whatever email account you indicated on the Apply form - by default, that is the email address you use as your LinkedIn username and it might be different than the one you have already checked.
If all else fails, just reset your password by visiting https://www.crossover.com/auth/password-recovery if you already applied using LinkedIn EasyApply.

Crossover Job Code: LJ-4774-ID-Jakarta-FullStackDevel.001","Artificial Intelligence (AI), Back-End Web Development, Cascading Style Sheets (CSS), Customer Requirements, Full-Stack Development, Generative AI, Product Service, Software, Stack, and Web Applications",https://media.licdn.com/dms/image/v2/C4E0BAQG8bdX5sQ24KQ/company-logo_100_100/company-logo_100_100/0/1630619679689/crossover__logo?e=1733356800&v=beta&t=86tJjSpTgAtUrVzQT4gGD4twGep1u1dnKBDSbknymVQ,"$50/hr,Remote,Full-time,Mid-Senior,level","Jakarta, Jakarta, Indonesia",https://www.linkedin.com/jobs/view/4017082477/?alternateChannel=search&refId=akVLCGCdPfLcFULDeE0YeQ%3D%3D&trackingId=MBZ7XKp5yp03mrttyjZCrQ%3D%3D&trk=d_flagship3_search_srp_jobs
Crossover ,"Full Stack Developer, LearnwithAI (Remote) - $100,000/year USD",16 hours ago,"Crossover is the world's #1 source of full-time remote jobs. Our clients offer top-tier pay for top-tier talent. We're recruiting this role for our client, LearnwithAI. Have you got what it takes?

Are you a full-stack engineer who thrives on complex challenges and is eager to make a real impact? Join our team to contribute to innovative products that deeply leverage AI, changing the way we work and learn.

Join us to work on our exciting product portfolio:

TeachTap: Bringing historical figures to life using AI, offering an engaging, TikTok-like learning experience to make learning more relevant and fun.
Educational Content Generation: Utilizing the latest in generative AI combined with comprehensive learning materials to create captivating content.
TeachTower: A game-based motivation system inspired by popular games like Roblox and Minecraft, designed to make learning irresistibly fun.
Coachbot: A learning copilot that integrates with existing apps, guiding learning paths, recommending next steps, and rewarding daily progress.

What we offer:

The opportunity to work with cutting-edge technologies, including the latest in Angular, React, React Native, and AWS serverless patterns.
The opportunity to learn and experiment with using generative AI to boost your productivity.
A team of exceptionally talented engineers from around the world as your peers.
The chance to work on products that are making a real difference in people's lives.

We're not just using AI as a buzzword. We're at the start of a thrilling journey with generative AI, experimenting and learning to fully leverage its potential and free our engineers from mundane tasks, allowing them to focus on what truly matters: design, decision-making, and understanding the far-reaching implications of different implementation strategies.

Showcase your skills, not just your resume. Take on our challenges: 15-min Cognitive, 90-min Coding, 180-min Technical Decision-Making. Excel and you'll face a decisive interview with our Hiring Manager. More than half walk away with an offer. Ready to unleash your potential? Apply today!

What You Will Be Doing

Building modern web apps using top-notch libraries and tools.
Enhancing cloud-native backends using the latest serverless cloud patterns, including AWS.
Reviewing code to ensure adherence to best practices, team standards, and customer requirements.

What You Won’t Be Doing

Spending time on minor bug fixes or features in outdated codebases.
Dealing with tedious infrastructure to keep poorly written products running.
Getting stuck in endless meetings discussing roadmaps and priorities or chasing people around.

Basic Requirements

Full Stack Developer key responsibilities

At least 4 years of experience writing production code for both the frontend and backend of web applications (any framework).
At least 2 years of experience being the primary technical contributor for a development team OR software product.
An openness to learn to use generative AI in your day-to-day development work.

Nice-to-have Requirements

Experience in using generative AI in your day-to-day development work.

About LearnwithAI

LearnWith.AI is an edtech startup that leverages AI and subject matter experts to cultivate a new way of learning. Our unique approach leverages 50+ years of learning science, cutting-edge data analytics and AI-powered coaching. In doing so, we can help students learn more, learn faster, and learn better - and have fun while doing it. We are a remote-first company that hires globally via Crossover.

There is so much to cover for this exciting role, and space here is limited. Hit the Apply button if you found this interesting and want to learn more. We look forward to meeting you!

Working with Crossover

This is a full-time (40 hours per week), long-term position. The position is immediately available and requires entering into an independent contractor agreement with Crossover. The compensation level for this role is $50 USD/hour, which equates to $100,000 USD/year assuming 40 hours per week and 50 weeks per year. The payment period is weekly. Consult www.crossover.com/help-and-faqs for more details on this topic.

What to expect next:

You will receive an email with a link to start your self-paced, online job application.
Our hiring platform will guide you through a series of online “screening” assessments to check for basic job fit, job-related skills, and finally a few real-world job-specific assignments.

Important! If you do not receive an email from us:

First, emails may take up to 15 minutes to send, refresh and check again.
Second, check your spam and junk folders for an email from Crossover.com, mark as “Not Spam” since you will receive other emails as well.
Third, we will send to whatever email account you indicated on the Apply form - by default, that is the email address you use as your LinkedIn username and it might be different than the one you have already checked.
If all else fails, just reset your password by visiting https://www.crossover.com/auth/password-recovery if you already applied using LinkedIn EasyApply.

Crossover Job Code: LJ-4774-ID-Bandung-FullStackDevel.003","Artificial Intelligence (AI), Back-End Web Development, Cascading Style Sheets (CSS), Customer Requirements, Full-Stack Development, Generative AI, Product Service, Software, Stack, and Web Applications",https://media.licdn.com/dms/image/v2/C4E0BAQG8bdX5sQ24KQ/company-logo_100_100/company-logo_100_100/0/1630619679689/crossover__logo?e=1733356800&v=beta&t=86tJjSpTgAtUrVzQT4gGD4twGep1u1dnKBDSbknymVQ,"$50/hr,Remote,Full-time,Mid-Senior,level","Bandung, West Java, Indonesia",https://www.linkedin.com/jobs/view/4017078805/?alternateChannel=search&refId=akVLCGCdPfLcFULDeE0YeQ%3D%3D&trackingId=5EHXpZ06bhgks9NszadzbA%3D%3D&trk=d_flagship3_search_srp_jobs
Crossover ,"Assessment Writer, 2 Hour Learning (Remote) - $100,000/year USD",16 hours ago,"Crossover is the world's #1 source of full-time remote jobs. Our clients offer top-tier pay for top-tier talent. We're recruiting this role for our client, 2 Hour Learning. Have you got what it takes?

Is translating educational theories into actionable assessments your superpower? Do you thrive in environments where excellence is the norm, dissecting and designing with a level of precision that only the keenest eye can achieve?

We're scouting for an expert in psychometrics with a flair for distilling complex educational measurements into clear, effective tests to sculpt revolutionary educational experiences. Think you have checked all the right boxes so far? Then this is your opportunity to shine.

At 2 Hour Learning, we're not just tinkering with the idea of AI in education; we're orchestrating a full-blown transformation. Scrap the old playbook of manual test creation. Textbooks? Obsolete. In this role, you will wield the power of generative AI to design prompts that delve deep into the subject matter, commanding it to produce test content that's personalized, engaging, and rigorous.

Your experience in quantitative measurement and educational content creation will help you synthesize complex frameworks into AI prompts, yielding razor-sharp test questions that align tightly with educational standards. You will then quality control your outputs by crafting AI-first rubrics, ensuring each question and answer hits the mark and stimulates curiosity, enriching the learning journey. It's all about a relentless pursuit of excellence, a continuous cycle of refinement, and a dedication to content that not only meets but exceeds the bar.

If you're seeking a role where you can blend creativity with technology and where your contributions have a lasting impact, 2 Hour Learning is where you belong. Take the leap and apply now!

What You Will Be Doing

Creating and refining test content to meet rigorous educational standards, using a blend of psychometrics and generative AI tools
Developing assessment rubrics with the help of AI that evaluate the depth, alignment, and educational impact of the test content
Enhancing the quality of test content through a streamlined, iterative process for consistently superior and challenging assessments

What You Won’t Be Doing

Creating test content manually – you will be using generative AI tools (such as ChatGPT, Gemini, Claude etc.) for every task
Developing code to automate systems - you will focus on test design using AI, while our engineers handle the tech specifics

Assessment Writer Key Responsibilities

Applying your psychometric expertise to develop and refine test content with the help of AI, ensuring the assessments are personalized, rigorous, and aligned with educational standards

Basic Requirements

Bachelor's degree or higher with a focus on psychometrics, educational measurement and statistics, OR at least 3 years of experience creating content for standardized tests (SAT, ACT, etc.) within an edtech environment
Basic familiarity with and an eagerness to rapidly master AI tools and their application in test content development
A user-centric approach and the ability to critically evaluate content in terms of appropriateness, accuracy, and relevance

About 2 Hour Learning

2hr Learning is powered by AI technology that enables schools to provide personalized, mastery learning to students, enabling them to learn faster than standard school, thereby freeing up the rest of the school day to pursue their passions and interests.

There is so much to cover for this exciting role, and space here is limited. Hit the Apply button if you found this interesting and want to learn more. We look forward to meeting you!

Working with Crossover

This is a full-time (40 hours per week), long-term position. The position is immediately available and requires entering into an independent contractor agreement with Crossover. The compensation level for this role is $50 USD/hour, which equates to $100,000 USD/year assuming 40 hours per week and 50 weeks per year. The payment period is weekly. Consult www.crossover.com/help-and-faqs for more details on this topic.

What to expect next:

You will receive an email with a link to start your self-paced, online job application.
Our hiring platform will guide you through a series of online “screening” assessments to check for basic job fit, job-related skills, and finally a few real-world job-specific assignments.

Important! If you do not receive an email from us:

First, emails may take up to 15 minutes to send, refresh and check again.
Second, check your spam and junk folders for an email from Crossover.com, mark as “Not Spam” since you will receive other emails as well.
Third, we will send to whatever email account you indicated on the Apply form - by default, that is the email address you use as your LinkedIn username and it might be different than the one you have already checked.
If all else fails, just reset your password by visiting https://www.crossover.com/auth/password-recovery if you already applied using LinkedIn EasyApply.

Crossover Job Code: LJ-5159-ID-Surabaya-AssessmentWrit.028","Artificial Intelligence (AI), Content Strategy, Educational Measurement, Generative AI, Relevance, Rubrics, Screening, Social Media, Test Design, and Writing",https://media.licdn.com/dms/image/v2/C4E0BAQG8bdX5sQ24KQ/company-logo_100_100/company-logo_100_100/0/1630619679689/crossover__logo?e=1733356800&v=beta&t=86tJjSpTgAtUrVzQT4gGD4twGep1u1dnKBDSbknymVQ,"$50/hr,Remote,Full-time,Mid-Senior,level","Surabaya, East Java, Indonesia",https://www.linkedin.com/jobs/view/4017077404/?alternateChannel=search&refId=akVLCGCdPfLcFULDeE0YeQ%3D%3D&trackingId=UaSdvz8QXfVoUkD4aSaFHA%3D%3D&trk=d_flagship3_search_srp_jobs
Crossover ,"Assessment Writer, 2 Hour Learning (Remote) - $100,000/year USD",16 hours ago,"Crossover is the world's #1 source of full-time remote jobs. Our clients offer top-tier pay for top-tier talent. We're recruiting this role for our client, 2 Hour Learning. Have you got what it takes?

Is translating educational theories into actionable assessments your superpower? Do you thrive in environments where excellence is the norm, dissecting and designing with a level of precision that only the keenest eye can achieve?

We're scouting for an expert in psychometrics with a flair for distilling complex educational measurements into clear, effective tests to sculpt revolutionary educational experiences. Think you have checked all the right boxes so far? Then this is your opportunity to shine.

At 2 Hour Learning, we're not just tinkering with the idea of AI in education; we're orchestrating a full-blown transformation. Scrap the old playbook of manual test creation. Textbooks? Obsolete. In this role, you will wield the power of generative AI to design prompts that delve deep into the subject matter, commanding it to produce test content that's personalized, engaging, and rigorous.

Your experience in quantitative measurement and educational content creation will help you synthesize complex frameworks into AI prompts, yielding razor-sharp test questions that align tightly with educational standards. You will then quality control your outputs by crafting AI-first rubrics, ensuring each question and answer hits the mark and stimulates curiosity, enriching the learning journey. It's all about a relentless pursuit of excellence, a continuous cycle of refinement, and a dedication to content that not only meets but exceeds the bar.

If you're seeking a role where you can blend creativity with technology and where your contributions have a lasting impact, 2 Hour Learning is where you belong. Take the leap and apply now!

What You Will Be Doing

Creating and refining test content to meet rigorous educational standards, using a blend of psychometrics and generative AI tools
Developing assessment rubrics with the help of AI that evaluate the depth, alignment, and educational impact of the test content
Enhancing the quality of test content through a streamlined, iterative process for consistently superior and challenging assessments

What You Won’t Be Doing

Creating test content manually – you will be using generative AI tools (such as ChatGPT, Gemini, Claude etc.) for every task
Developing code to automate systems - you will focus on test design using AI, while our engineers handle the tech specifics

Assessment Writer Key Responsibilities

Applying your psychometric expertise to develop and refine test content with the help of AI, ensuring the assessments are personalized, rigorous, and aligned with educational standards

Basic Requirements

Bachelor's degree or higher with a focus on psychometrics, educational measurement and statistics, OR at least 3 years of experience creating content for standardized tests (SAT, ACT, etc.) within an edtech environment
Basic familiarity with and an eagerness to rapidly master AI tools and their application in test content development
A user-centric approach and the ability to critically evaluate content in terms of appropriateness, accuracy, and relevance

About 2 Hour Learning

2hr Learning is powered by AI technology that enables schools to provide personalized, mastery learning to students, enabling them to learn faster than standard school, thereby freeing up the rest of the school day to pursue their passions and interests.

There is so much to cover for this exciting role, and space here is limited. Hit the Apply button if you found this interesting and want to learn more. We look forward to meeting you!

Working with Crossover

This is a full-time (40 hours per week), long-term position. The position is immediately available and requires entering into an independent contractor agreement with Crossover. The compensation level for this role is $50 USD/hour, which equates to $100,000 USD/year assuming 40 hours per week and 50 weeks per year. The payment period is weekly. Consult www.crossover.com/help-and-faqs for more details on this topic.

What to expect next:

You will receive an email with a link to start your self-paced, online job application.
Our hiring platform will guide you through a series of online “screening” assessments to check for basic job fit, job-related skills, and finally a few real-world job-specific assignments.

Important! If you do not receive an email from us:

First, emails may take up to 15 minutes to send, refresh and check again.
Second, check your spam and junk folders for an email from Crossover.com, mark as “Not Spam” since you will receive other emails as well.
Third, we will send to whatever email account you indicated on the Apply form - by default, that is the email address you use as your LinkedIn username and it might be different than the one you have already checked.
If all else fails, just reset your password by visiting https://www.crossover.com/auth/password-recovery if you already applied using LinkedIn EasyApply.

Crossover Job Code: LJ-5159-ID-EastKali-AssessmentWrit.002","Artificial Intelligence (AI), Content Strategy, Educational Measurement, Generative AI, Relevance, Rubrics, Screening, Social Media, Test Design, and Writing",https://media.licdn.com/dms/image/v2/C4E0BAQG8bdX5sQ24KQ/company-logo_100_100/company-logo_100_100/0/1630619679689/crossover__logo?e=1733356800&v=beta&t=86tJjSpTgAtUrVzQT4gGD4twGep1u1dnKBDSbknymVQ,"$50/hr,Remote,Full-time,Mid-Senior,level","Balikpapan, East Kalimantan, Indonesia",https://www.linkedin.com/jobs/view/4017080577/?alternateChannel=search&refId=akVLCGCdPfLcFULDeE0YeQ%3D%3D&trackingId=ouXqJdCgONDIanBc8GPnmw%3D%3D&trk=d_flagship3_search_srp_jobs
